alpha, a, d, theta
0,0,0.15185,q1
1.57,0,0, q2
0,-0.24355,0, q3
0,-0.2132,0.13105,q4
1.57,0,0.08535,q5
-1.57,0,0.0921,q6